quant_id	E_D170331_S209-S-1-240min_MHRM_R01_T0.htrms	E_D170331_S209-S-1-240min_MHRM_R02_T0.htrms	E_D170331_S209-S-1-240min_MHRM_R03_T0.htrms	E_D170331_S209-S-2-240min_MHRM_R01_T0.htrms	E_D170331_S209-S-2-240min_MHRM_R02_T0.htrms	E_D170331_S209-S-2-240min_MHRM_R03_T0.htrms	protein
SEQ_VAVTELAHIVDETLAANNLDR_MOD__VAVTELAHIVDETLAANNLDR__CHARGE_3_FRGION_b13_H2O_1	4195.490928484176	4347.920898437499	3719.8036117061015	15727.96560048517	14660.31531973295	9625.57232683087	P0A6R0
SEQ_VAVTELAHIVDETLAANNLDR_MOD__VAVTELAHIVDETLAANNLDR__CHARGE_3_FRGION_b9_noloss_1	12192.97592310091	15030.84960937501	14944.250876749062	26279.14086132407	28695.858437351133	16293.275439424253	P0A6R0
SEQ_VAVTELAHIVDETLAANNLDR_MOD__VAVTELAHIVDETLAANNLDR__CHARGE_3_FRGION_y5_noloss_1	6180.877688696799	7312.208007812496	6404.398746204994	32391.65755700623	31364.799164935128	19040.716594378	P0A6R0
SEQ_VAVTELAHIVDETLAANNLDR_MOD__VAVTELAHIVDETLAANNLDR__CHARGE_3_FRGION_y6_noloss_1	11739.809843046674	10872.625976562496	9927.41497564222	62278.9877124354	59369.09939238355	36276.76088665928	P0A6R0
SEQ_VAVTELAHIVDETLAANNLDR_MOD__VAVTELAHIVDETLAANNLDR__CHARGE_3_FRGION_y7_noloss_1	14438.815890801252	14994.132812499996	14039.633403812468	85717.4236950768	83537.4846096879	49851.35939334075	P0A6R0
SEQ_VAVTELAHIVDETLAANNLDR_MOD__VAVTELAHIVDETLAANNLDR__CHARGE_3_FRGION_y8_noloss_1	2337.01807935393	2805.8298339843805	3193.0840961256386	18566.659441273012	18685.595774056143	10803.354985025231	P0A6R0
SEQ_VAVTELAHIVDETLAANNLDR_MOD__VAVTELAHIVDETLAANNLDR__CHARGE_3_MS1ISOTOPES_0	328185.4491450104	376553.8999999996	210575.9238655951	1241341.6287213136	1547292.7085830949	1329214.8237552017	P0A6R0
SEQ_VAVTELAHIVDETLAANNLDR_MOD__VAVTELAHIVDETLAANNLDR__CHARGE_3_MS1ISOTOPES_1	573713.405288128	353319.8000000001	262041.2702569494	1311643.175637023	1615106.4941748723	1089650.7619707456	P0A6R0
SEQ_VAVTELAHIVDETLAANNLDR_MOD__VAVTELAHIVDETLAANNLDR__CHARGE_3_MS1ISOTOPES_2	437299.1781697729	155441.9999999999	244612.87438990537	1173768.9304156925	645144.1913029348	782752.243248579	P0A6R0
SEQ_VAVTELAHIVDETLAANNLDR_MOD__VAVTELAHIVDETLAANNLDR__CHARGE_3_MS1ISOTOPES_3	111898.33338546268	111340.29999999992	126329.06522039816	356048.87861413835	640641.1197719228	331193.8026597538	P0A6R0
SEQ_VAVTELAHIVDETLAANNLDR_MOD__VAVTELAHIVDETLAANNLDR__CHARGE_3_MS1ISOTOPES_4	92860.57293408678	91237.80000000006	101676.25749879549	134788.23287621257	44543.435397551904	100597.74267239725	P0A6R0
SEQ_YALVVGSDVLAR_MOD__YALVVGSDVLAR__CHARGE_2_FRGION_b3_noloss_1	11645.328783248053	11295.970703125004	10988.144759166038	42776.376338389025	38168.778434973065	33333.40151580654	P0A6R0
SEQ_YALVVGSDVLAR_MOD__YALVVGSDVLAR__CHARGE_2_FRGION_y10_noloss_1	996.352888967003	1641.0931396484402	1013.097410880852	7119.750877472487	7528.873584360113	6480.111954220308	P0A6R0
SEQ_YALVVGSDVLAR_MOD__YALVVGSDVLAR__CHARGE_2_FRGION_y4_noloss_1	1808.7391625497935	2880.85766601563	2605.719155234334	11835.175074754254	11524.98257650486	10321.618808558787	P0A6R0
SEQ_YALVVGSDVLAR_MOD__YALVVGSDVLAR__CHARGE_2_FRGION_y7_noloss_1	9471.679736892534	10660.2353515625	9691.292938781622	51912.855602980984	50288.29064376214	45790.64696208004	P0A6R0
SEQ_YALVVGSDVLAR_MOD__YALVVGSDVLAR__CHARGE_2_FRGION_y8_noloss_1	9457.550188035608	9590.059570312496	8872.966591312772	54320.116908840304	49847.09012178866	51566.72237284713	P0A6R0
SEQ_YALVVGSDVLAR_MOD__YALVVGSDVLAR__CHARGE_2_FRGION_y9_noloss_1	2745.5764206814533	4635.943847656249	3440.7054619885366	21750.1941429835	19681.695943422343	20547.60962326496	P0A6R0
SEQ_YALVVGSDVLAR_MOD__YALVVGSDVLAR__CHARGE_2_MS1ISOTOPES_0	262436.78283089056	332853.6999999997	185927.4289861772	748524.3178043418	689952.5794031031	942997.4251507092	P0A6R0
SEQ_YALVVGSDVLAR_MOD__YALVVGSDVLAR__CHARGE_2_MS1ISOTOPES_1	3263909.0012892243	3606834.9999999967	3288510.070520762	0.0	2805657.4593252335	4028957.66917975	P0A6R0
SEQ_YALVVGSDVLAR_MOD__YALVVGSDVLAR__CHARGE_2_MS1ISOTOPES_2	0.0	82132.40000000001	73826.32983555953	80915.89089850035	150815.12621806012	182894.63922596775	P0A6R0
SEQ_YALVVGSDVLAR_MOD__YALVVGSDVLAR__CHARGE_2_MS1ISOTOPES_3	96940.64378581804	92375.5	224989.6430452985	64045.18887253732	339035.19555463933	259523.6751557784	P0A6R0
